<?xml version="1.0" encoding="UTF-8" ?>
<escuela>
    <alumno>
        <id>1</id>
        <nombre>Carlos</nombre>
        <apellido>Ortiz</apellido>
        <dni>123456771L</dni>
        <curso>1 ESO</curso>
    </alumno>
    <alumno>
        <id>2</id>
        <nombre>Luis</nombre>
        <apellido>Lopez</apellido>
        <dni>789654121A</dni>
        <curso>2 ESO</curso>
    </alumno>
    <alumno>
        <id>3</id>
        <nombre>Laura</nombre>
        <apellido>Garcia</apellido>
        <dni>778667861G</dni>
        <curso>4 ESO</curso>
    </alumno>
    <alumno>
        <id>4</id>
        <nombre>Carla</nombre>
        <apellido>Vaquero</apellido>
        <dni>665448192K</dni>
        <curso>1 ESO</curso>
    </alumno>
    <alumno>
        <id>5</id>
        <nombre>Pedro</nombre>
        <apellido>Martin</apellido>
        <dni>644321202T</dni>
        <curso>3 ESO</curso>
    </alumno>
    <alumno>
        <id>6</id>
        <nombre>Sandra</nombre>
        <apellido>Vera</apellido>
        <dni>900766202L</dni>
        <curso>4 ESO</curso>
    </alumno>
</escuela>